{
    "data": [
        -1,
        0,
        0,
        1,
        0,
        0,
        0,
        -1,
        0,
        0,
        1,
        0,
        -1,
        -1,
        0,
        1,
        -1,
        0,
        -1,
        1,
        0,
        1,
        1,
        0,
        -1,
        -1,
        -0.69999999999999996,
        1,
        -1,
        -0.69999999999999996,
        -1,
        1,
        -0.69999999999999996,
        1,
        1,
        -0.69999999999999996,
        -1,
        -1,
        -2,
        1,
        -1,
        -2,
        -1,
        1,
        -2,
        1,
        1,
        -2,
        -1,
        -1,
        1,
        1,
        -1,
        1,
        -1,
        1,
        1,
        1,
        1,
        1
    ],
    "dims": [
        3,
        20
    ]
}
