{
    "data": [

-0.707106,	-0.707106,	 0.0,
-1.0, 		 0.0,  		 0.0,
-0.707106,	 0.707106,	 0.0,
 0.0,		 1.0,		 0.0,
 0.707106,	 0.707106,	 0.0,
 1.0,		 0.0,		 0.0,
 0.707106,	-0.707106,	 0.0,
 0.0,		-1.0,		 0.0,
                             
-0.331413,	-0.800103,   -0.5,
-0.800103,	-0.331413,	 -0.5,
-0.800103,	 0.331413,   -0.5,
-0.331413,	 0.800103,	 -0.5,
 0.331413,	 0.800103,	 -0.5,
 0.800103,	 0.331413,	 -0.5,
 0.800103,	-0.331413,	 -0.5,
 0.331413,	-0.800103,	 -0.5,

-0.3535533,	-0.3535533,	 -0.866025,
-0.3535533,	 0.3535533,	 -0.866025,
 0.3535533,	 0.3535533,	 -0.866025,
 0.3535533,	-0.3535533,	 -0.866025,

 0.0,		 0.0,		 -1.0
    ],
    "dims": [
        3,
        21
    ]
}
